id_estate,estate_name,long_lat,lon,lat,precise,confidence,comprehension
1,北京市朝阳区10AM新坐标,"(116.45031007223011, 39.87415220299289)",116.45031007223011,39.87415220299289,1,70,100
2,北京市海淀区10号名邸,"(116.30393693853446, 39.954497106789134)",116.30393693853446,39.954497106789134,1,70,100
3,北京市通州区11站,"(116.67633460803724, 39.887464069816694)",116.67633460803724,39.887464069816694,1,70,100
4,北京市大兴区198别墅区,"(0, 0)",0.0,0.0,0,0,0
5,北京市通州区263医院家属院,"(116.65436564848521, 39.92210307086705)",116.65436564848521,39.92210307086705,1,70,100
6,北京市海淀区309医院家属楼,"(116.26920072209134, 40.033622983972805)",116.26920072209134,40.033622983972805,0,50,100
7,北京市海淀区621小区,"(116.33301805230063, 40.037626610233644)",116.33301805230063,40.037626610233644,1,70,100
8,北京市朝阳区701宿舍,"(116.58196617692523, 39.90263868148156)",116.58196617692523,39.90263868148156,0,50,100
9,北京市通州区78墅,"(116.69821553364926, 39.87997294411053)",116.69821553364926,39.87997294411053,1,70,100
10,北京市丰台区7克拉,"(116.3916636580279, 39.84546177269262)",116.3916636580279,39.84546177269262,0,50,100
11,北京市通州区8哩岛,"(116.64745175029712, 39.94198071841371)",116.64745175029712,39.94198071841371,1,70,100
12,北京市朝阳区A派公寓,"(116.47484818554065, 39.902159825597664)",116.47484818554065,39.902159825597664,1,70,100
13,北京市通州区BOBO自由城,"(116.69773934189843, 39.91411513012123)",116.69773934189843,39.91411513012123,1,75,100
14,北京市朝阳区CBD东舍,"(116.53336236917183, 39.92275636675199)",116.53336236917183,39.92275636675199,1,75,100
15,北京市朝阳区CBD传奇,"(116.48360199307429, 39.893412103522)",116.48360199307429,39.893412103522,1,70,100
16,北京市朝阳区CBD国际高尔夫别墅,"(116.53015649646781, 39.87811936166214)",116.53015649646781,39.87811936166214,1,70,100
17,北京市朝阳区CBD总部公寓一期,"(116.45627410217195, 39.90313545370708)",116.45627410217195,39.90313545370708,1,70,100
18,北京市朝阳区CBD总部公寓二期,"(116.46139902493692, 39.905667067576005)",116.46139902493692,39.905667067576005,1,70,100
19,北京市朝阳区CLASS,"(116.48717751849567, 40.01306665253257)",116.48717751849567,40.01306665253257,1,70,100
20,北京市石景山区CRD银座,"(116.2342353479126, 39.91068414585098)",116.2342353479126,39.91068414585098,1,75,100
21,北京市丰台区CUV国际公寓,"(116.3392907400157, 39.856126875708114)",116.3392907400157,39.856126875708114,1,70,100
22,北京市通州区DBC加州小镇,"(116.68676842653562, 39.87932643501642)",116.68676842653562,39.87932643501642,1,80,100
23,北京市通州区DBC加州小镇C区,"(116.68994699075213, 39.8705982031947)",116.68994699075213,39.8705982031947,1,70,100
24,北京市房山区FCC中央城,"(116.21952811044214, 39.77071624224438)",116.21952811044214,39.77071624224438,1,70,100
25,北京市顺义区IDCITY艾迪城,"(116.54894940705874, 40.093336231059105)",116.54894940705874,40.093336231059105,1,70,100
26,北京市通州区IN北京,"(0, 0)",0.0,0.0,0,0,0
27,北京市通州区K2十里春风,"(116.78591009380544, 39.60478200968785)",116.78591009380544,39.60478200968785,1,70,100
28,北京市通州区K2清水湾,"(116.68758300997207, 39.932097084393945)",116.68758300997207,39.932097084393945,1,70,100
29,北京市通州区K2清水湾嘉园,"(0, 0)",0.0,0.0,0,0,0
30,北京市通州区K2玉蘭湾,"(116.66633637788063, 39.89302666970654)",116.66633637788063,39.89302666970654,1,70,100
31,北京市朝阳区LOFTEL,"(116.47354761882332, 40.003365330398765)",116.47354761882332,40.003365330398765,0,50,100
32,北京市通州区M5朗峰,"(116.63858897830511, 39.90953006869645)",116.63858897830511,39.90953006869645,1,70,100
33,北京市朝阳区MASTER领域,"(116.4490079783934, 39.96468709270768)",116.4490079783934,39.96468709270768,1,70,100
34,北京市顺义区MOMA万万树,"(116.54841356782205, 40.15726360910227)",116.54841356782205,40.15726360910227,1,70,100
35,北京市东城区NAGA上院,"(116.43456376477626, 39.9481076926517)",116.43456376477626,39.9481076926517,1,70,100
36,北京市海淀区SOCO公社,"(0, 0)",0.0,0.0,0,0,0
37,北京市朝阳区SOHO北京公馆,"(116.46137387238265, 39.9544201586301)",116.46137387238265,39.9544201586301,1,70,100
38,北京市朝阳区SOHO现代城,"(116.48244165184705, 39.91326452560496)",116.48244165184705,39.91326452560496,0,50,100
39,北京市昌平区TBD云集中心,"(116.37377821566312, 40.104673632224376)",116.37377821566312,40.104673632224376,0,50,100
40,北京市昌平区TBD住总万科天地,"(116.3229192119269, 40.11001535807494)",116.3229192119269,40.11001535807494,0,50,100
41,北京市朝阳区UHN国际村,"(116.45469694718808, 39.972969191110955)",116.45469694718808,39.972969191110955,0,50,100
42,北京市朝阳区US联邦公寓,"(116.47036591053754, 39.96088280848923)",116.47036591053754,39.96088280848923,1,70,100
43,北京市通州区V7九间堂,"(116.68758300997207, 39.932097084393945)",116.68758300997207,39.932097084393945,1,70,100
44,北京市房山区V7荷塘月色,"(115.90517175655006, 39.62216870741639)",115.90517175655006,39.62216870741639,0,50,100
45,北京市海淀区Wehouse,"(116.27599281005227, 39.94505969409118)",116.27599281005227,39.94505969409118,1,70,100
46,北京市丰台区gogo新世代,"(116.42934999959634, 39.87269273484701)",116.42934999959634,39.87269273484701,1,70,100
47,北京市海淀区iMOMA,"(116.32280476780493, 40.0480442916063)",116.32280476780493,40.0480442916063,1,75,100
48,北京市大兴区i立方,"(116.3386612075143, 39.70071059580113)",116.3386612075143,39.70071059580113,1,70,100
49,北京市朝阳区n次方,"(116.42911329609447, 40.05838547115358)",116.42911329609447,40.05838547115358,1,70,100
50,北京市房山区一万米家园,"(116.15318106208619, 39.745051978602525)",116.15318106208619,39.745051978602525,1,70,100
51,北京市亦庄开发区一世情园,"(116.55445467237665, 39.76017290466942)",116.55445467237665,39.76017290466942,1,70,100
52,北京市亦庄开发区一品亦庄,"(116.50645245982327, 39.80914228584272)",116.50645245982327,39.80914228584272,1,70,100
53,北京市大兴区一品嘉园,"(116.4225173980569, 39.67633686008208)",116.4225173980569,39.67633686008208,1,70,100
54,北京市大兴区一品嘉园西区,"(116.42230719456757, 39.676008579729064)",116.42230719456757,39.676008579729064,0,50,100
55,北京市亦庄开发区一幅画卷,"(116.499592010813, 39.80855011584084)",116.499592010813,39.80855011584084,1,70,100
56,北京市亦庄开发区一栋洋房,"(116.43764126962289, 40.12034181304508)",116.43764126962289,40.12034181304508,0,70,100
57,北京市丰台区一栋苑,"(0, 0)",0.0,0.0,0,0,0
58,北京市西城区一瓶,"(116.3910623323195, 39.88432600997583)",116.3910623323195,39.88432600997583,1,70,100
59,北京市朝阳区一瓶八斗,"(116.42639358633245, 40.0071071296127)",116.42639358633245,40.0071071296127,1,70,100
60,北京市朝阳区一瓶四和院,"(116.42646688806207, 40.00721496674467)",116.42646688806207,40.00721496674467,1,70,100
61,北京市昌平区丁字街,"(116.1381693888784, 40.24424968594492)",116.1381693888784,40.24424968594492,0,30,100
62,北京市昌平区七一宿舍,"(116.2338426985742, 40.2240883430702)",116.2338426985742,40.2240883430702,0,50,100
63,北京市海淀区七彩华园,"(116.30117761349946, 40.02874793376272)",116.30117761349946,40.02874793376272,1,70,100
64,北京市石景山区七星园,"(116.21987289536807, 39.904484031679665)",116.21987289536807,39.904484031679665,0,30,100
65,北京市门头沟区七棵树东大街120号院,"(116.10208032433724, 39.95362571391015)",116.10208032433724,39.95362571391015,1,70,100
66,北京市门头沟区七棵树东大街小区,"(116.10065219823747, 39.95577894104897)",116.10065219823747,39.95577894104897,1,70,100
67,北京市门头沟区七棵树西大街,"(0, 0)",0.0,0.0,0,0,0
68,北京市海淀区七省办,"(0, 0)",0.0,0.0,0,0,0
69,北京市海淀区七贤村,"(116.3111464690659, 39.93914031418791)",116.3111464690659,39.93914031418791,1,70,100
70,北京市丰台区七里庄路,"(116.29604703140977, 39.8656599230214)",116.29604703140977,39.8656599230214,0,30,100
71,北京市丰台区七里庄路18号院,"(116.29375994558137, 39.87293659314463)",116.29375994558137,39.87293659314463,1,80,100
72,北京市丰台区万事吉公寓,"(116.42250958279897, 39.865670306952005)",116.42250958279897,39.865670306952005,1,70,100
73,北京市西城区万博苑,"(116.37210943351724, 39.87733018435108)",116.37210943351724,39.87733018435108,1,70,100
74,北京市西城区万和世家,"(116.3723885370392, 39.885253449622326)",116.3723885370392,39.885253449622326,1,70,100
75,北京市东城区万国城MOMA,"(116.4456330445924, 39.953726100267566)",116.4456330445924,39.953726100267566,1,70,100
76,北京市海淀区万地名苑,"(116.27976236946378, 39.91943510987385)",116.27976236946378,39.91943510987385,1,70,100
77,北京市海淀区万城华府,"(116.2980435154057, 39.97674750201996)",116.2980435154057,39.97674750201996,1,70,100
78,北京市房山区万宁小区,"(115.9883202620119, 39.71471711182734)",115.9883202620119,39.71471711182734,1,70,100
79,北京市海淀区万寿园,"(116.29044340163854, 39.91761739724948)",116.29044340163854,39.91761739724948,1,70,100
80,北京市海淀区万寿寺北里,"(116.31755138735204, 39.95847934872055)",116.31755138735204,39.95847934872055,1,70,100
81,北京市海淀区万寿路12号院,"(116.30251402260666, 39.916637065649255)",116.30251402260666,39.916637065649255,1,80,100
82,北京市海淀区万寿路15号院,"(116.30103451343173, 39.9229750759451)",116.30103451343173,39.9229750759451,1,80,100
83,北京市海淀区万寿路18号院,"(116.30235987338115, 39.91583194079604)",116.30235987338115,39.91583194079604,1,80,100
84,北京市海淀区万寿路1号院,"(116.29461297649365, 39.92551909214966)",116.29461297649365,39.92551909214966,1,80,100
85,北京市海淀区万寿路24号院,"(116.30174588156508, 39.915084706667855)",116.30174588156508,39.915084706667855,1,80,100
86,北京市海淀区万寿路26号院,"(116.30221228178586, 39.91426558971741)",116.30221228178586,39.91426558971741,1,80,100
87,北京市海淀区万寿路27号院,"(116.3019454850494, 39.9099161699429)",116.3019454850494,39.9099161699429,1,80,100
88,北京市海淀区万寿路4号院,"(116.29000278278589, 39.92030735671178)",116.29000278278589,39.92030735671178,1,80,100
89,北京市海淀区万寿路8号院,"(116.2967294741057, 39.918777770062896)",116.2967294741057,39.918777770062896,1,80,100
90,北京市海淀区万寿路乙14号,"(116.30168776119858, 39.91625466885032)",116.30168776119858,39.91625466885032,1,80,100
91,北京市海淀区万寿路乙15号院,"(116.30226123943615, 39.919559825948504)",116.30226123943615,39.919559825948504,1,70,100
92,北京市海淀区万寿路乙5号院,"(116.2946944528034, 39.92069298170001)",116.2946944528034,39.92069298170001,1,70,100
93,北京市海淀区万寿路小区,"(116.30261894469022, 39.917488181333674)",116.30261894469022,39.917488181333674,1,70,100
94,北京市海淀区万寿路甲15号院五区,"(116.30038863177005, 39.92432314457672)",116.30038863177005,39.92432314457672,1,80,100
95,北京市海淀区万寿路甲15号院四区,"(116.30038863177005, 39.92432314457672)",116.30038863177005,39.92432314457672,1,80,100
96,北京市海淀区万寿路甲6号院,"(116.30078002348075, 39.91489163641395)",116.30078002348075,39.91489163641395,1,80,100
97,北京市海淀区万寿路电信宿舍,"(116.30257699382291, 39.916392049713565)",116.30257699382291,39.916392049713565,0,50,100
98,北京市海淀区万寿路西街10号院,"(116.29444229844675, 39.91631810204275)",116.29444229844675,39.91631810204275,1,80,100
99,北京市海淀区万寿路西街11号院,"(116.29472337824082, 39.91709271546473)",116.29472337824082,39.91709271546473,1,80,100
100,北京市海淀区万寿路西街12号院,"(116.29415187627538, 39.91481865557674)",116.29415187627538,39.91481865557674,1,80,100
101,北京市海淀区万寿路西街1号院,"(116.3008833286144, 39.916538077104036)",116.3008833286144,39.916538077104036,0,50,100
102,北京市海淀区万寿路西街5号院,"(116.29994046715112, 39.91661679756614)",116.29994046715112,39.91661679756614,1,80,100
103,北京市海淀区万寿路西街9号,"(116.29593213813506, 39.91658214120522)",116.29593213813506,39.91658214120522,1,80,100
104,北京市房山区万年广阳郡九号,"(116.19999005543067, 39.725361248524585)",116.19999005543067,39.725361248524585,1,70,100
105,北京市丰台区万年花城一期,"(116.32813674998997, 39.8495874382424)",116.32813674998997,39.8495874382424,1,70,100
106,北京市丰台区万年花城三期,"(116.32894540461004, 39.84504919931709)",116.32894540461004,39.84504919931709,1,70,100
107,北京市丰台区万年花城二期,"(116.32837453145845, 39.849704042603)",116.32837453145845,39.849704042603,1,70,100
108,北京市丰台区万年花城五期,"(116.31872816757011, 39.84884840845699)",116.31872816757011,39.84884840845699,1,70,100
109,北京市丰台区万年花城四期,"(116.32202656574165, 39.85192599609781)",116.32202656574165,39.85192599609781,1,70,100
110,北京市丰台区万年花城新回迁,"(116.31647503768998, 39.84929911163847)",116.31647503768998,39.84929911163847,1,70,100
111,北京市丰台区万恒家园,"(116.25603138365395, 39.871022389304386)",116.25603138365395,39.871022389304386,1,70,100
112,北京市通州区万方家园,"(116.64755155203927, 39.910137341806326)",116.64755155203927,39.910137341806326,1,70,100
113,北京市朝阳区万方景轩,"(116.4556939764736, 39.977965747623045)",116.4556939764736,39.977965747623045,1,70,100
114,北京市海淀区万方苑,"(116.3038153079684, 39.92141283221098)",116.3038153079684,39.92141283221098,1,70,100
115,北京市西城区万明园,"(116.36107788253251, 39.92694512714574)",116.36107788253251,39.92694512714574,1,70,100
116,北京市西城区万明路18号院,"(116.39679127570939, 39.89444750494501)",116.39679127570939,39.89444750494501,1,80,100
117,北京市海淀区万景公寓,"(116.31018851607006, 39.941509469581874)",116.31018851607006,39.941509469581874,1,70,100
118,北京市朝阳区万杰医院家属院,"(116.52490302618435, 39.94443005326594)",116.52490302618435,39.94443005326594,0,50,100
119,北京市海淀区万柳亿城中心,"(116.30836288978212, 39.96669266709437)",116.30836288978212,39.96669266709437,1,70,100
120,北京市丰台区万柳园小区,"(116.34198601586785, 39.85622671380901)",116.34198601586785,39.85622671380901,1,70,100
121,北京市丰台区万柳西园,"(116.33835793957414, 39.85802813633134)",116.33835793957414,39.85802813633134,1,70,100
122,北京市丰台区万泉寺东路9号院,"(116.34971359918688, 39.87052385959966)",116.34971359918688,39.87052385959966,1,80,100
123,北京市丰台区万泉寺南里,"(116.3471184843991, 39.86545729760462)",116.3471184843991,39.86545729760462,1,70,100
124,北京市海淀区万泉庄1号院,"(116.31199473895897, 39.977563999222994)",116.31199473895897,39.977563999222994,1,70,100
125,北京市海淀区万泉庄小区,"(116.3118351999004, 39.97323259528718)",116.3118351999004,39.97323259528718,1,70,100
126,北京市海淀区万泉新新商务花园,"(116.3076188233282, 39.97489469281812)",116.3076188233282,39.97489469281812,1,75,100
127,北京市海淀区万泉新新家园,"(116.30557499863191, 39.97771203753077)",116.30557499863191,39.97771203753077,1,70,100
128,北京市海淀区万泉河62号院,"(116.30999232614667, 39.979591377171865)",116.30999232614667,39.979591377171865,1,75,100
129,北京市丰台区万泉盛景园,"(116.33721781022088, 39.862345499095134)",116.33721781022088,39.862345499095134,1,70,100
130,北京市海淀区万泽御河湾,"(116.30458704223203, 39.9404562529197)",116.30458704223203,39.9404562529197,1,70,100
131,北京市昌平区万润家园,"(116.33257482836201, 40.07200747570814)",116.33257482836201,40.07200747570814,1,70,100
132,北京市丰台区万润风景,"(116.34584531599981, 39.862824427647475)",116.34584531599981,39.862824427647475,1,70,100
133,北京市丰台区万源东里,"(116.43332239639201, 39.80746989638414)",116.43332239639201,39.80746989638414,1,70,100
134,北京市大兴区万源北路7号院,"(116.43373319150173, 39.811252979842706)",116.43373319150173,39.811252979842706,1,80,100
135,北京市丰台区万源北路9号院,"(116.423800807139, 39.809719346994775)",116.423800807139,39.809719346994775,1,80,100
136,北京市丰台区万源南里,"(116.43218999246615, 39.80344305110091)",116.43218999246615,39.80344305110091,1,70,100
137,北京市丰台区万源西里,"(116.42736240882498, 39.807145917282284)",116.42736240882498,39.807145917282284,1,70,100
138,北京市通州区万福家园,"(116.65745519062568, 39.924890722575675)",116.65745519062568,39.924890722575675,1,70,100
139,北京市朝阳区万科东第,"(116.48294802666304, 39.93611106873795)",116.48294802666304,39.93611106873795,1,70,100
140,北京市丰台区万科中粮假日风景,"(116.25638720246646, 39.87298553082431)",116.25638720246646,39.87298553082431,1,70,100
141,北京市密云区万科云溪,"(116.8387539933965, 40.46608400817311)",116.8387539933965,40.46608400817311,1,70,100
142,北京市顺义区万科四季花城,"(116.64303810583495, 40.131955116970694)",116.64303810583495,40.131955116970694,0,50,100
143,北京市顺义区万科城市花园,"(116.55905327794333, 40.109954451304645)",116.55905327794333,40.109954451304645,1,70,100
144,北京市朝阳区万科大都会,"(116.46922596084536, 39.91163274081109)",116.46922596084536,39.91163274081109,1,75,100
145,北京市大兴区万科天地,"(116.322157538685, 39.71829998308511)",116.322157538685,39.71829998308511,0,50,100
146,北京市顺义区万科天竺悦城,"(116.56778193292268, 40.0605766487589)",116.56778193292268,40.0605766487589,1,70,100
147,北京市房山区万科幸福汇,"(116.07247334252553, 39.6606812250671)",116.07247334252553,39.6606812250671,1,70,100
148,北京市密云区万科弗农小镇,"(116.83727565201875, 40.46926511731996)",116.83727565201875,40.46926511731996,1,70,100
149,北京市房山区万科新里程55号院,"(116.19476407329583, 39.74083343486905)",116.19476407329583,39.74083343486905,1,70,57
150,北京市房山区万科新里程57号院,"(116.19476065973488, 39.73985312312466)",116.19476065973488,39.73985312312466,1,70,100
151,北京市房山区万科新里程59号院,"(116.19446080535565, 39.73832017450368)",116.19446080535565,39.73832017450368,1,70,100
152,北京市朝阳区万科星园,"(116.41929796093969, 40.03496277744816)",116.41929796093969,40.03496277744816,1,70,100
153,北京市丰台区万科紫台,"(116.27200406409631, 39.88847326467072)",116.27200406409631,39.88847326467072,1,70,100
154,北京市丰台区万科紫苑,"(116.25435469641958, 39.87249289913868)",116.25435469641958,39.87249289913868,1,70,100
155,北京市丰台区万科红,"(116.43620883165667, 39.85227365013377)",116.43620883165667,39.85227365013377,1,70,100
156,北京市门头沟区万科翡翠长安,"(116.14175174142163, 39.90992163525568)",116.14175174142163,39.90992163525568,1,70,100
157,北京市朝阳区万科蓝山,"(116.49308971620958, 39.89191291285809)",116.49308971620958,39.89191291285809,1,70,100
158,北京市丰台区万科蓝蓝沁家园,"(116.30408003860221, 39.82189309743244)",116.30408003860221,39.82189309743244,1,70,100
159,北京市海淀区万科西山庭院,"(116.28303345914783, 40.02463914988066)",116.28303345914783,40.02463914988066,1,75,100
160,北京市顺义区万科观承别墅,"(116.5003207162427, 40.132035862791085)",116.5003207162427,40.132035862791085,1,70,100
161,北京市顺义区万科观承别墅二期,"(116.5003207162427, 40.132035862791085)",116.5003207162427,40.132035862791085,1,70,100
162,北京市大兴区万科金域东郡,"(116.4944110337842, 39.75992905873246)",116.4944110337842,39.75992905873246,1,70,100
163,北京市朝阳区万科金阳,"(116.51256830339629, 39.94261183406511)",116.51256830339629,39.94261183406511,1,70,100
164,北京市朝阳区万科青青家园,"(116.58154397333554, 39.8723490613657)",116.58154397333554,39.8723490613657,1,75,100
165,北京市朝阳区万红里,"(116.50212397472343, 39.98677306663115)",116.50212397472343,39.98677306663115,1,70,100
166,北京市朝阳区万象新天一区,"(116.59934722074614, 39.93554081830649)",116.59934722074614,39.93554081830649,1,70,100
167,北京市朝阳区万象新天二区,"(116.60382796862991, 39.93519020112317)",116.60382796862991,39.93519020112317,1,70,100
168,北京市朝阳区万象新天四区,"(116.59884003745522, 39.932390316190315)",116.59884003745522,39.932390316190315,1,70,100
169,北京市朝阳区万象新天天际高尔夫,"(116.60392795003317, 39.93724830502528)",116.60392795003317,39.93724830502528,1,70,100
170,北京市朝阳区万象新天罗兰大道,"(116.60297017669843, 39.93287220946752)",116.60297017669843,39.93287220946752,1,70,24
171,北京市朝阳区万豪国际公寓,"(116.45521203556751, 39.910806110778516)",116.45521203556751,39.910806110778516,1,70,100
172,北京市朝阳区万达大湖公馆,"(116.41262534761157, 40.043733619122136)",116.41262534761157,40.043733619122136,1,70,100
173,北京市石景山区万达广场,"(116.23189795697564, 39.912079085025304)",116.23189795697564,39.912079085025304,1,75,100
174,北京市朝阳区万达广场公寓,"(116.47814406845677, 39.91642207147651)",116.47814406845677,39.91642207147651,1,70,100
175,北京市朝阳区万达广场公寓西区,"(116.47814406845677, 39.91642207147651)",116.47814406845677,39.91642207147651,1,70,100
176,北京市顺义区万通天竺新新家园,"(116.57209236208176, 40.06511243612748)",116.57209236208176,40.06511243612748,1,70,100
177,北京市怀柔区万通龙山新新小镇,"(116.64206865452857, 40.29213406082609)",116.64206865452857,40.29213406082609,1,70,100
178,北京市怀柔区万通龙山逸墅,"(116.63660551973909, 40.29103003208684)",116.63660551973909,40.29103003208684,0,50,100
179,北京市通州区万驰家园,"(116.79984703430111, 39.78451366623933)",116.79984703430111,39.78451366623933,1,70,100
180,北京市昌平区万龙社区,"(116.33377658147326, 40.07324181370202)",116.33377658147326,40.07324181370202,1,70,100
181,北京市西城区三不老胡同,"(116.3844941919222, 39.945797402228635)",116.3844941919222,39.945797402228635,0,30,100
182,北京市朝阳区三丰里小区,"(116.44446264234345, 39.92545877998926)",116.44446264234345,39.92545877998926,1,70,100
183,北京市西城区三义东里,"(116.33952600622878, 39.89443525708876)",116.33952600622878,39.89443525708876,1,70,100
184,北京市海淀区三义庙北,"(116.31804401809372, 39.97186123738706)",116.31804401809372,39.97186123738706,0,70,100
185,北京市海淀区三义庙南1号,"(116.31843711658487, 39.96912210179026)",116.31843711658487,39.96912210179026,1,75,100
186,北京市西城区三义西里,"(116.33483397688906, 39.8944856324382)",116.33483397688906,39.8944856324382,1,70,100
187,北京市西城区三义里,"(116.33539640596885, 39.894857080291146)",116.33539640596885,39.894857080291146,1,70,100
188,北京市通州区三元村,"(116.70195769474273, 39.9172911058368)",116.70195769474273,39.9172911058368,0,50,100
189,北京市通州区三元村甲,"(116.70195769474273, 39.9172911058368)",116.70195769474273,39.9172911058368,0,50,100
190,北京市东城区三元街11号,"(116.40411668765161, 39.87682623288573)",116.40411668765161,39.87682623288573,1,80,100
191,北京市东城区三元街19号,"(116.4033460313546, 39.876587372014875)",116.4033460313546,39.876587372014875,1,70,100
192,北京市东城区三元街甲19号院,"(116.40341573986218, 39.87645648614581)",116.40341573986218,39.87645648614581,1,80,100
193,北京市朝阳区三全公寓,"(116.47325683732974, 39.9528586383213)",116.47325683732974,39.9528586383213,0,50,100
194,北京市大兴区三合北巷,"(116.32863899260059, 39.740506087905004)",116.32863899260059,39.740506087905004,0,30,100
195,北京市大兴区三合南里,"(116.3322190095495, 39.74026009117825)",116.3322190095495,39.74026009117825,1,70,100
196,北京市昌平区三合庄园,"(116.32672748830592, 40.0873465181894)",116.32672748830592,40.0873465181894,1,70,100
197,北京市海淀区三嘉信苑,"(116.2118720322417, 40.133325024638175)",116.2118720322417,40.133325024638175,1,70,100
198,北京市西城区三四零一小区,"(116.39488246633124, 39.88153835519795)",116.39488246633124,39.88153835519795,1,70,100
199,北京市西城区三塔社区,"(116.35134896436779, 39.936633044924676)",116.35134896436779,39.936633044924676,1,70,100
200,北京市门头沟区三家店东老店,"(116.11698024833959, 39.964447296309025)",116.11698024833959,39.964447296309025,1,70,100
201,北京市门头沟区三家店东街8号院,"(116.12129534868731, 39.96426162460338)",116.12129534868731,39.96426162460338,1,80,100
202,北京市门头沟区三家店北街4号院,"(116.11384956380677, 39.97309387797004)",116.11384956380677,39.97309387797004,1,80,100
203,北京市门头沟区三家店华北路,"(0, 0)",0.0,0.0,0,0,0
204,北京市门头沟区三家店四局,"(0, 0)",0.0,0.0,0,0,0
205,北京市门头沟区三家店新建路,"(116.12371987525874, 39.95933422612525)",116.12371987525874,39.95933422612525,0,30,100
206,北京市门头沟区三家店新河路,"(116.11753270622822, 39.96102334814152)",116.11753270622822,39.96102334814152,0,30,100
207,北京市门头沟区三家店老宿舍17号院,"(116.12255297640128, 39.96222832717918)",116.12255297640128,39.96222832717918,0,50,100
208,北京市门头沟区三家店西宁路,"(0, 0)",0.0,0.0,0,0,0
209,北京市门头沟区三家店邮局楼,"(116.11218338674685, 39.966203617664725)",116.11218338674685,39.966203617664725,1,70,100
210,北京市顺义区三山新新家园,"(116.54178425281951, 40.10284805416535)",116.54178425281951,40.10284805416535,1,70,100
211,北京市西城区三庙大院,"(116.37011780037108, 39.90398065003066)",116.37011780037108,39.90398065003066,1,70,100
212,北京市西城区三庙街,"(116.3716873197581, 39.90400264464405)",116.3716873197581,39.90400264464405,0,30,100
213,北京市海淀区三建宿舍,"(116.37197944870994, 40.00027594330567)",116.37197944870994,40.00027594330567,0,50,100
214,北京市丰台区三星庄园,"(116.39060913718973, 39.841168615998946)",116.39060913718973,39.841168615998946,1,70,100
215,北京市通州区三星驾校家属院,"(116.69946741220798, 39.922568851762904)",116.69946741220798,39.922568851762904,1,70,100
216,北京市大兴区三槐家园,"(116.45914688319286, 39.76853503860977)",116.45914688319286,39.76853503860977,1,70,100
217,北京市大兴区三槐家园东区,"(116.4610760841061, 39.768392783779056)",116.4610760841061,39.768392783779056,1,70,100
218,北京市昌平区三水青清庄园一区,"(116.28550802133617, 40.14645905898815)",116.28550802133617,40.14645905898815,1,70,100
219,北京市昌平区三水青清庄园三区,"(116.28510504148439, 40.14610022640973)",116.28510504148439,40.14610022640973,1,70,100
220,北京市昌平区三水青清庄园二区,"(116.28696489321224, 40.145125129730346)",116.28696489321224,40.145125129730346,1,75,100
221,北京市朝阳区三源里北小街,"(0, 0)",0.0,0.0,0,0,0
222,北京市朝阳区三源里南小街,"(0, 0)",0.0,0.0,0,0,0
223,北京市朝阳区三源里街,"(116.46170947932117, 39.9589005937078)",116.46170947932117,39.9589005937078,0,30,100
224,北京市丰台区三环新城4号院,"(116.32194275383756, 39.857048330123824)",116.32194275383756,39.857048330123824,1,70,100
225,北京市丰台区三环新城6号院,"(116.3170258786287, 39.85620400446188)",116.3170258786287,39.85620400446188,1,70,100
226,北京市丰台区三环新城7号院,"(116.31638341052798, 39.85749607118538)",116.31638341052798,39.85749607118538,1,70,100
227,北京市丰台区三环新城8号院,"(116.31387049069436, 39.855420596584665)",116.31387049069436,39.855420596584665,1,70,100
228,北京市东城区三眼井胡同,"(116.40795883014833, 39.934464618353616)",116.40795883014833,39.934464618353616,0,30,100
229,北京市东城区三秀涵雅,"(116.41280923074947, 39.96402362397827)",116.41280923074947,39.96402362397827,1,70,100
230,北京市朝阳区三空间,"(116.42776943105153, 39.99667899988132)",116.42776943105153,39.99667899988132,1,70,100
231,北京市大兴区三羊里,"(116.5226160301865, 39.82523782056573)",116.5226160301865,39.82523782056573,1,70,100
232,北京市海淀区三虎桥,"(116.32304332001955, 39.94501048205595)",116.32304332001955,39.94501048205595,0,30,100
233,北京市海淀区三虎桥南路,"(116.32132400100228, 39.943584507323635)",116.32132400100228,39.943584507323635,0,30,100
234,北京市海淀区三虎桥南路12号院,"(116.32093413641097, 39.940397613628534)",116.32093413641097,39.940397613628534,1,80,100
235,北京市海淀区三虎桥南路17号院,"(116.32136900610836, 39.94127422425999)",116.32136900610836,39.94127422425999,1,80,100
236,北京市海淀区三虎桥南路25号院,"(116.32111595344617, 39.93905435892081)",116.32111595344617,39.93905435892081,1,80,100
237,北京市海淀区三虎桥南路8号院,"(116.32080576855358, 39.94202303729766)",116.32080576855358,39.94202303729766,1,80,100
238,北京市丰台区三角地,"(116.42011685624259, 39.8125371006223)",116.42011685624259,39.8125371006223,1,70,100
239,北京市丰台区三路居93号院,"(116.34152689192169, 39.8795938016356)",116.34152689192169,39.8795938016356,1,70,100
240,北京市丰台区三路居路99号院,"(116.34021859977696, 39.87887198548631)",116.34021859977696,39.87887198548631,1,80,100
241,北京市朝阳区三里屯SOHO,"(116.46021236335824, 39.938099577368554)",116.46021236335824,39.938099577368554,1,75,100
242,北京市朝阳区三里屯东,"(0, 0)",0.0,0.0,0,0,0
243,北京市朝阳区三里屯北,"(0, 0)",0.0,0.0,0,0,0
244,北京市朝阳区三里屯北小街,"(116.4590518424699, 39.94936613967652)",116.4590518424699,39.94936613967652,0,30,100
245,北京市朝阳区三里屯南,"(0, 0)",0.0,0.0,0,0,0
246,北京市朝阳区三里屯南路,"(116.48248216542555, 40.00926459950729)",116.48248216542555,40.00926459950729,0,30,100
247,北京市西城区三里河一区,"(116.34940601938027, 39.92187308431965)",116.34940601938027,39.92187308431965,1,70,100
248,北京市西城区三里河一区2号院,"(116.34817821540923, 39.923356051567545)",116.34817821540923,39.923356051567545,1,70,100
249,北京市西城区三里河一区3号院,"(116.34917533452531, 39.92201432727802)",116.34917533452531,39.92201432727802,1,70,100
250,北京市西城区三里河一区5号院,"(116.35086468786736, 39.92167484566629)",116.35086468786736,39.92167484566629,1,70,100
251,北京市西城区三里河三区,"(116.34533301236748, 39.91543404414209)",116.34533301236748,39.91543404414209,1,70,100
252,北京市西城区三里河东路,"(116.35174197302841, 39.9208444642804)",116.35174197302841,39.9208444642804,0,30,100
253,北京市西城区三里河东路7号院,"(116.34913032941924, 39.92537017911523)",116.34913032941924,39.92537017911523,1,80,100
254,北京市西城区三里河东路甲10号院,"(116.35213902406383, 39.91883504458329)",116.35213902406383,39.91883504458329,1,70,100
255,北京市西城区三里河东路甲14号院,"(116.3514220864363, 39.91430502045305)",116.3514220864363,39.91430502045305,1,80,100
256,北京市西城区三里河东路甲8号院,"(116.35237635637957, 39.92217500634908)",116.35237635637957,39.92217500634908,1,80,100
257,北京市西城区三里河二区,"(116.35065853034604, 39.91434551067565)",116.35065853034604,39.91434551067565,0,30,100
258,北京市西城区三里河二区A区,"(116.35012798751863, 39.91843294599399)",116.35012798751863,39.91843294599399,1,70,100
259,北京市西城区三里河二区B区,"(116.34923740743604, 39.91644718183487)",116.34923740743604,39.91644718183487,1,70,100
260,北京市西城区三里河北街2号院,"(116.34574272951058, 39.923001290567115)",116.34574272951058,39.923001290567115,1,80,100
261,北京市西城区三里河北街3号院,"(116.34525135639662, 39.92165610080904)",116.34525135639662,39.92165610080904,1,80,100
262,北京市西城区三里河北街5号院,"(116.34581908547892, 39.9215248866635)",116.34581908547892,39.9215248866635,1,80,100
263,北京市西城区三里河南二巷,"(116.34807275434235, 39.91854479784464)",116.34807275434235,39.91854479784464,0,30,100
264,北京市西城区三里河居民区,"(116.34418003724542, 39.92191818249498)",116.34418003724542,39.92191818249498,1,70,100
265,北京市西城区三里河路,"(116.34389778965419, 39.91306107348349)",116.34389778965419,39.91306107348349,0,30,100
266,北京市西城区三里河路4号院,"(116.3402628862386, 39.94237645426723)",116.3402628862386,39.94237645426723,1,70,100
267,北京市海淀区三里河路5号院,"(116.3374121137027, 39.94027279751584)",116.3374121137027,39.94027279751584,1,80,100
268,北京市朝阳区三间房东路,"(116.58478119690184, 39.92438421857645)",116.58478119690184,39.92438421857645,0,30,100
269,北京市朝阳区三间房南里4号院,"(116.57550915691951, 39.919226557523665)",116.57550915691951,39.919226557523665,1,70,100
270,北京市朝阳区三间房南里5号院,"(116.57461704971756, 39.921001756794055)",116.57461704971756,39.921001756794055,1,70,100
271,北京市朝阳区三间房南里7号院,"(116.57402326977545, 39.91578414074744)",116.57402326977545,39.91578414074744,1,70,100
272,北京市朝阳区三间房西里,"(116.57523903645266, 39.923317525262746)",116.57523903645266,39.923317525262746,1,70,100
273,北京市朝阳区上东8号,"(116.491574723967, 39.97642059628635)",116.491574723967,39.97642059628635,1,70,100
274,北京市朝阳区上东三角洲,"(116.51141901132684, 39.981872044424115)",116.51141901132684,39.981872044424115,1,70,100
275,北京市朝阳区上东上层,"(0, 0)",0.0,0.0,0,0,0
276,北京市朝阳区上东公园里,"(116.48368778125051, 39.97395334018773)",116.48368778125051,39.97395334018773,1,75,100
277,北京市朝阳区上京新航线,"(116.47152274837327, 40.015484409583294)",116.47152274837327,40.015484409583294,1,70,100
278,北京市朝阳区上元君庭,"(116.4190821879562, 40.03160233298801)",116.4190821879562,40.03160233298801,1,70,100
279,北京市昌平区上北鑫座,"(116.33747400695232, 40.084816094543044)",116.33747400695232,40.084816094543044,0,50,100
280,北京市海淀区上园村,"(116.34881259876038, 39.953529060789336)",116.34881259876038,39.953529060789336,1,70,100
281,北京市西城区上国阙,"(116.38384148313865, 39.90754113863125)",116.38384148313865,39.90754113863125,1,70,100
282,北京市海淀区上地东里,"(116.3211091263243, 40.03839500537389)",116.3211091263243,40.03839500537389,1,70,100
283,北京市海淀区上地佳园,"(116.32456311101016, 40.03832864808611)",116.32456311101016,40.03832864808611,1,70,100
284,北京市海淀区上地南路6号院,"(116.32479190942357, 40.03570572230648)",116.32479190942357,40.03570572230648,1,80,100
285,北京市海淀区上地南路8号院,"(116.32342998843988, 40.03538407286177)",116.32342998843988,40.03538407286177,1,80,100
286,北京市海淀区上地国际创业园,"(116.3115066895754, 40.05257298070573)",116.3115066895754,40.05257298070573,0,50,100
287,北京市海淀区上地科贸大厦,"(116.32021396488362, 40.03587103488689)",116.32021396488362,40.03587103488689,1,75,100
288,北京市海淀区上地西里,"(116.31646982751802, 40.03922021944309)",116.31646982751802,40.03922021944309,1,70,100
289,北京市昌平区上坡佳园,"(116.37428000912101, 40.08935108296873)",116.37428000912101,40.08935108296873,1,70,100
290,北京市昌平区上奥世纪中心,"(116.33629390300388, 40.063803610539274)",116.33629390300388,40.063803610539274,1,75,100
291,北京市海淀区上庄家园东区,"(116.227383971788, 40.104739165585165)",116.227383971788,40.104739165585165,1,70,100
292,北京市海淀区上庄家园西区,"(116.2241879804446, 40.10449703674589)",116.2241879804446,40.10449703674589,1,70,100
293,北京市海淀区上庄馨瑞嘉园,"(116.2217302165693, 40.13042506538313)",116.2217302165693,40.13042506538313,1,70,100
294,北京市朝阳区上林世家,"(116.38000365250838, 40.02564906890172)",116.38000365250838,40.02564906890172,1,70,100
295,北京市海淀区上林溪,"(116.33333847787604, 40.05236062643514)",116.33333847787604,40.05236062643514,1,70,100
296,北京市大兴区上林苑,"(116.44298564842396, 39.78799467485306)",116.44298564842396,39.78799467485306,1,70,100
297,北京市丰台区上海建筑,"(116.39398002861593, 39.84267107157109)",116.39398002861593,39.84267107157109,0,50,100
298,北京市亦庄开发区上海沙龙,"(116.50425745030964, 39.79516807263897)",116.50425745030964,39.79516807263897,1,70,100
299,北京市通州区上潞园,"(116.69322373976088, 39.945752181621216)",116.69322373976088,39.945752181621216,1,70,100
300,北京市海淀区上第MOMA,"(116.32458053813707, 40.05116118507853)",116.32458053813707,40.05116118507853,1,70,100
301,北京市朝阳区上线6号,"(116.5959500089685, 39.92596209439282)",116.5959500089685,39.92596209439282,1,80,100
302,北京市密云区上营东区,"(116.86136452274376, 40.384920021949114)",116.86136452274376,40.384920021949114,1,70,100
303,北京市密云区上营北区,"(116.86088608522915, 40.38845079702159)",116.86088608522915,40.38845079702159,1,70,100
304,北京市通州区上营新村,"(0, 0)",0.0,0.0,0,0,0
305,北京市东城区上龙嘉园,"(116.4134348107066, 39.959750530791204)",116.4134348107066,39.959750530791204,1,70,100
306,北京市东城区上龙西里,"(116.41268328831697, 39.95875601328091)",116.41268328831697,39.95875601328091,1,70,100
307,北京市顺义区下坡屯家园一区,"(116.67953868413022, 40.227499114804395)",116.67953868413022,40.227499114804395,1,70,100
308,北京市顺义区下坡屯家园二区,"(116.67948936715773, 40.22590685068686)",116.67948936715773,40.22590685068686,1,70,100
309,北京市西城区下斜街,"(116.37242482858179, 39.8997769813687)",116.37242482858179,39.8997769813687,0,30,100
310,北京市朝阳区下甸,"(116.48325048612826, 39.90833695286368)",116.48325048612826,39.90833695286368,1,70,100
311,北京市海淀区专家国际公馆,"(116.36092561974857, 40.04742513478985)",116.36092561974857,40.04742513478985,1,70,100
312,北京市海淀区专家国际花园,"(116.36136201656531, 40.049236470099395)",116.36136201656531,40.049236470099395,1,70,100
313,北京市丰台区世华水岸B区,"(116.42409401405747, 39.843093215735195)",116.42409401405747,39.843093215735195,1,70,100
314,北京市丰台区世华水岸C区,"(116.42340977475052, 39.84239151042146)",116.42340977475052,39.84239151042146,1,70,100
315,北京市丰台区世华水岸F区,"(116.43139984293956, 39.84222634928241)",116.43139984293956,39.84222634928241,1,70,100
316,北京市朝阳区世华泊郡,"(116.43070662057751, 40.05620057347284)",116.43070662057751,40.05620057347284,1,70,100
317,北京市海淀区世华龙樾,"(116.35860960848274, 40.05089608178121)",116.35860960848274,40.05089608178121,0,50,100
318,北京市海淀区世华龙樾一期东区,"(116.35974093444202, 40.05312926841272)",116.35974093444202,40.05312926841272,1,70,100
319,北京市海淀区世华龙樾一期西区,"(116.35974093444202, 40.05312926841272)",116.35974093444202,40.05312926841272,1,70,100
320,北京市海淀区世华龙樾三期,"(116.35901124087626, 40.04747153032314)",116.35901124087626,40.04747153032314,1,70,100
321,北京市海淀区世华龙樾二期,"(116.35766791481663, 40.05074268038812)",116.35766791481663,40.05074268038812,1,70,100
322,北京市海淀区世华龙樾四期,"(116.3578899759387, 40.048685052186805)",116.3578899759387,40.048685052186805,1,70,100
323,北京市丰台区世嘉丽晶,"(116.40519303731368, 39.82419811039293)",116.40519303731368,39.82419811039293,1,70,100
324,北京市怀柔区世嘉光织谷东区,"(116.66720944100578, 40.35553410759444)",116.66720944100578,40.35553410759444,1,70,100
325,北京市怀柔区世嘉光织谷西区,"(116.66346090194318, 40.35599566625544)",116.66346090194318,40.35599566625544,1,70,100
326,北京市大兴区世嘉博苑,"(116.33343621351553, 39.79751383393624)",116.33343621351553,39.79751383393624,1,70,100
327,北京市朝阳区世嘉座,"(116.44510133756104, 39.99213157544643)",116.44510133756104,39.99213157544643,1,75,100
328,北京市通州区世图印刷厂家属院,"(116.65852201824933, 39.915492082411824)",116.65852201824933,39.915492082411824,1,70,100
329,北京市平谷区世外桃苑,"(117.24982452357878, 40.20501070767539)",117.24982452357878,40.20501070767539,1,70,100
330,北京市朝阳区世奥国际中心,"(116.43845693102594, 39.99430140671451)",116.43845693102594,39.99430140671451,1,70,100
331,北京市朝阳区世安家园,"(116.46273920692727, 40.00696530383434)",116.46273920692727,40.00696530383434,1,70,100
332,北京市朝阳区世捷座,"(116.44577255143811, 39.991780145100755)",116.44577255143811,39.991780145100755,1,75,100
333,北京市朝阳区世方豪庭,"(116.45817267086728, 39.95384937063967)",116.45817267086728,39.95384937063967,1,70,100
334,北京市朝阳区世桥国贸,"(116.46984462385008, 39.905016859113125)",116.46984462385008,39.905016859113125,1,70,100
335,北京市昌平区世涛天朗,"(116.26220525776293, 40.214912974273425)",116.26220525776293,40.214912974273425,1,70,100
336,北京市通州区世爵源墅,"(116.64591995974149, 39.883897062267216)",116.64591995974149,39.883897062267216,1,70,100
337,北京市通州区世界侨商中心,"(116.66440744645905, 39.92796134382443)",116.66440744645905,39.92796134382443,1,75,100
338,北京市房山区世界名园D区,"(116.08088103294617, 39.663562060937174)",116.08088103294617,39.663562060937174,1,70,100
339,北京市房山区世界名园北区,"(116.07737620416843, 39.66355345145163)",116.07737620416843,39.66355345145163,1,70,100
340,北京市房山区世界名园南区,"(116.07737620416843, 39.66355345145163)",116.07737620416843,39.66355345145163,1,70,100
341,北京市朝阳区世界城,"(116.45881783388455, 39.923503516503565)",116.45881783388455,39.923503516503565,0,50,100
342,北京市朝阳区世纪东方城,"(116.50306423110072, 39.88267830450041)",116.50306423110072,39.88267830450041,1,70,100
343,北京市朝阳区世纪嘉园,"(116.4171650243368, 39.988742400860204)",116.4171650243368,39.988742400860204,1,70,100
344,北京市东城区世纪大厦,"(116.4163994883812, 39.92534991363756)",116.4163994883812,39.92534991363756,1,75,100
345,北京市朝阳区世纪宝鼎,"(116.44350971985847, 39.99864521351475)",116.44350971985847,39.99864521351475,1,70,100
346,北京市密云区世纪家园,"(116.85916286576936, 40.385684458576804)",116.85916286576936,40.385684458576804,1,70,100
347,北京市海淀区世纪新景,"(116.30911054945808, 39.945651990902)",116.30911054945808,39.945651990902,1,70,100
348,北京市丰台区世纪星,"(116.44185764619507, 39.86331484477789)",116.44185764619507,39.86331484477789,1,70,100
349,北京市通州区世纪星城,"(116.64143301354972, 39.901198090687174)",116.64143301354972,39.901198090687174,1,70,100
350,北京市通州区世纪星城三期,"(116.64146005254557, 39.898997257909066)",116.64146005254557,39.898997257909066,1,70,100
351,北京市丰台区世纪星家园,"(116.44185764619507, 39.86331484477789)",116.44185764619507,39.86331484477789,1,70,100
352,北京市朝阳区世纪村东区,"(116.43812222239293, 40.00100925110524)",116.43812222239293,40.00100925110524,1,70,100
353,北京市朝阳区世纪村西区,"(116.4360001552867, 40.00069268750977)",116.4360001552867,40.00069268750977,1,70,100
354,北京市海淀区世纪经贸大厦,"(116.31744709408233, 39.93539704473375)",116.31744709408233,39.93539704473375,1,75,100
355,北京市海淀区世纪金源国际公寓,"(116.28636796920085, 39.960212873463945)",116.28636796920085,39.960212873463945,1,70,100
356,北京市丰台区世纪金色嘉园,"(116.3783801449602, 39.87518471367242)",116.3783801449602,39.87518471367242,1,70,100
357,北京市朝阳区世纪龙祥嘉园,"(116.41083601286626, 40.042461940699965)",116.41083601286626,40.042461940699965,1,70,100
358,北京市朝阳区世茂奥临花园,"(116.40962554619155, 40.0405715021428)",116.40962554619155,40.0405715021428,1,70,100
359,北京市朝阳区世茂宫园,"(116.46691210551276, 39.93226935822774)",116.46691210551276,39.93226935822774,1,70,100
360,北京市朝阳区世茂工三,"(116.45589322063572, 39.94060077642812)",116.45589322063572,39.94060077642812,1,75,100
361,北京市房山区世茂维拉,"(116.18397865802082, 39.749724535948005)",116.18397865802082,39.749724535948005,1,70,100
362,北京市密云区世豪公寓,"(116.85916502170257, 40.38359714398165)",116.85916502170257,40.38359714398165,1,70,100
363,北京市朝阳区世豪花园,"(116.51338504276596, 39.84993309619324)",116.51338504276596,39.84993309619324,1,70,100
364,北京市朝阳区世贸国际公寓,"(116.45910385435893, 39.92087310067544)",116.45910385435893,39.92087310067544,1,70,100
365,北京市海淀区丙28号院,"(116.37852081960307, 39.98624553322844)",116.37852081960307,39.98624553322844,1,70,100
366,北京市通州区丛林庄别墅,"(116.7037860159472, 39.96569306703493)",116.7037860159472,39.96569306703493,1,70,100
367,北京市朝阳区东一时区,"(116.6124243930382, 39.90521341672193)",116.6124243930382,39.90521341672193,1,70,100
368,北京市丰台区东三亲家坟,"(116.41794125012797, 39.864820480828726)",116.41794125012797,39.864820480828726,1,70,100
369,北京市朝阳区东三环南路,"(116.4677171669108, 39.88377165787624)",116.4677171669108,39.88377165787624,0,30,100
370,北京市东城区东中公寓,"(116.44351232494444, 39.94127118169315)",116.44351232494444,39.94127118169315,1,70,100
371,北京市东城区东中街,"(116.44313871968285, 39.9411625481384)",116.44313871968285,39.9411625481384,0,30,100
372,北京市丰台区东丽温泉,"(116.39213212435133, 39.860332273127916)",116.39213212435133,39.860332273127916,1,70,100
373,北京市昌平区东二旗新村,"(116.43865240230491, 40.12238236304626)",116.43865240230491,40.12238236304626,1,70,100
374,北京市丰台区东亚三环,"(116.44488596791673, 39.86474929224864)",116.44488596791673,39.86474929224864,0,30,100
375,北京市昌平区东亚上北中心,"(116.33820998865666, 40.087311052064564)",116.33820998865666,40.087311052064564,1,70,100
376,北京市大兴区东亚五环国际,"(116.46105506375716, 39.79895315497289)",116.46105506375716,39.79895315497289,1,70,100
377,北京市顺义区东亚创展国际,"(116.56269303220866, 40.12442271339375)",116.56269303220866,40.12442271339375,1,70,100
378,北京市怀柔区东亚华欣湾,"(116.647679650405, 40.30360926973305)",116.647679650405,40.30360926973305,0,50,100
379,北京市通州区东亚印象台湖,"(0, 0)",0.0,0.0,0,0,0
380,北京市昌平区东亚奥北中心北区,"(116.41654195963507, 40.06567904303554)",116.41654195963507,40.06567904303554,1,70,100
381,北京市通州区东亚尚品台湖,"(0, 0)",0.0,0.0,0,0,0
382,北京市大兴区东亚康和名居,"(116.31933398480604, 39.7522255196483)",116.31933398480604,39.7522255196483,1,70,100
383,北京市房山区东亚朗悦居,"(116.0661517869907, 39.7216818338417)",116.0661517869907,39.7216818338417,1,70,100
384,北京市朝阳区东亚望京中心,"(116.47941184702302, 39.99769769608402)",116.47941184702302,39.99769769608402,1,75,100
385,北京市通州区东亚环球国际,"(116.64975311918313, 39.844695414618634)",116.64975311918313,39.844695414618634,1,70,100
386,北京市通州区东亚瑞晶苑,"(116.5496824243549, 39.7500239626141)",116.5496824243549,39.7500239626141,1,70,100
387,北京市通州区东亚逸品阁,"(116.69569416974386, 39.93954401896632)",116.69569416974386,39.93954401896632,1,70,100
388,北京市顺义区东亚首航国际,"(116.604848892842, 40.13495064630941)",116.604848892842,40.13495064630941,1,70,100
389,北京市东城区东交民巷11号院,"(116.42014245794962, 39.90877397910984)",116.42014245794962,39.90877397910984,1,80,100
390,北京市东城区东交民巷13号院,"(116.41928376771263, 39.909131858411754)",116.41928376771263,39.909131858411754,1,80,100
391,北京市东城区东交民巷21号院,"(116.41524795054796, 39.90904766389533)",116.41524795054796,39.90904766389533,1,70,100
392,北京市东城区东交民巷30号院,"(116.41368453963838, 39.90838531161301)",116.41368453963838,39.90838531161301,1,70,100
393,北京市东城区东交民巷32号院,"(116.41248700856303, 39.90810505177351)",116.41248700856303,39.90810505177351,1,80,100
394,北京市朝阳区东会新村,"(116.60651587837688, 39.91360564032477)",116.60651587837688,39.91360564032477,1,70,100
395,北京市东城区东八宝胡同,"(116.43755042578327, 39.92381350335543)",116.43755042578327,39.92381350335543,0,30,100
396,北京市东城区东公街,"(116.41350407006144, 39.948513625781125)",116.41350407006144,39.948513625781125,0,30,100
397,北京市东城区东公街64号院,"(116.41355787856148, 39.94771150621378)",116.41355787856148,39.94771150621378,1,80,100
398,北京市怀柔区东关一区,"(116.64588393769054, 40.32121652556325)",116.64588393769054,40.32121652556325,1,70,100
399,北京市怀柔区东关二区小区,"(116.6489045797984, 40.319626621537836)",116.6489045797984,40.319626621537836,0,50,100
400,北京市昌平区东关二条,"(116.24964263486699, 40.228663129374425)",116.24964263486699,40.228663129374425,0,30,100
401,北京市昌平区东关北里小区,"(116.24883290228028, 40.23319932312335)",116.24883290228028,40.23319932312335,1,70,100
402,北京市昌平区东关南里小区,"(116.25340222308735, 40.21932978872322)",116.25340222308735,40.21932978872322,0,50,100
403,北京市房山区东关家园,"(116.15598871595763, 39.737719622125354)",116.15598871595763,39.737719622125354,1,70,100
404,北京市顺义区东兴一区,"(116.66697803750641, 40.139042039019444)",116.66697803750641,40.139042039019444,1,70,100
405,北京市顺义区东兴二区,"(116.67300647595331, 40.138327809330185)",116.67300647595331,40.138327809330185,1,70,100
406,北京市海淀区东冉家园,"(116.27971305249129, 39.96688310164271)",116.27971305249129,39.96688310164271,1,70,100
407,北京市西城区东冠英胡同,"(116.37272612024984, 39.94285253741501)",116.37272612024984,39.94285253741501,0,30,100
408,北京市东城区东利市营胡同,"(116.42957071326015, 39.89798469037706)",116.42957071326015,39.89798469037706,0,30,100
409,北京市西城区东北园,"(116.39406896086142, 39.90326006132391)",116.39406896086142,39.90326006132391,1,70,100
410,北京市朝阳区东区国际,"(116.4928348669364, 39.918502464327275)",116.4928348669364,39.918502464327275,0,50,100
411,北京市海淀区东升园,"(116.34289950274093, 39.995531359183595)",116.34289950274093,39.995531359183595,1,70,100
412,北京市西城区东华金座,"(116.37242276247913, 39.89463689665602)",116.37242276247913,39.89463689665602,1,75,100
413,北京市东城区东华门大街,"(116.41048540422571, 39.92158617068711)",116.41048540422571,39.92158617068711,0,30,100
414,北京市西城区东南园,"(116.39457398821911, 39.900740051004156)",116.39457398821911,39.900740051004156,1,70,100
415,北京市海淀区东南小区,"(116.33007906616363, 39.9849086454133)",116.33007906616363,39.9849086454133,1,70,100
416,北京市东城区东厂北巷,"(116.41459631973102, 39.92929236893987)",116.41459631973102,39.92929236893987,0,30,100
417,北京市东城区东厂北巷3号院,"(116.41441432303469, 39.92911815102819)",116.41441432303469,39.92911815102819,1,70,100
418,北京市东城区东厂胡同,"(116.41524256071489, 39.92864978688389)",116.41524256071489,39.92864978688389,0,30,100
419,北京市东城区东后河沿,"(116.43349136765845, 39.90611199808651)",116.43349136765845,39.90611199808651,0,50,100
420,北京市东城区东四七条,"(116.4279913125125, 39.93770900304834)",116.4279913125125,39.93770900304834,0,30,100
421,北京市东城区东四二条,"(116.42612589129048, 39.932115065625446)",116.42612589129048,39.932115065625446,0,30,100
422,北京市东城区东四二条11号院,"(116.42673709835947, 39.93255920053233)",116.42673709835947,39.93255920053233,1,70,100
423,北京市东城区东四五条,"(116.42788899551492, 39.934256803713)",116.42788899551492,39.934256803713,0,30,100
424,北京市东城区东四六条,"(116.42802158540819, 39.936297993103885)",116.42802158540819,39.936297993103885,0,30,100
425,北京市东城区东四北大街,"(116.42362878163384, 39.93890187967964)",116.42362878163384,39.93890187967964,0,30,100
426,北京市东城区东四十一条,"(116.42793409045152, 39.94051973266129)",116.42793409045152,39.94051973266129,0,30,100
427,北京市东城区东四十三条,"(116.42822316516462, 39.932756370049646)",116.42822316516462,39.932756370049646,0,30,100
428,北京市东城区东四十二条,"(116.42612589129048, 39.932115065625446)",116.42612589129048,39.932115065625446,0,30,100
429,北京市东城区东四十四条,"(116.42820142617127, 39.93349275959308)",116.42820142617127,39.93349275959308,0,30,100
430,北京市东城区东四十条,"(116.431754673616, 39.93983811756148)",116.431754673616,39.93983811756148,0,30,100
431,北京市东城区东四十条甲100号院,"(116.42596096239886, 39.939463527146614)",116.42596096239886,39.939463527146614,1,75,100
432,北京市东城区东四十条甲34号院,"(116.43298364538421, 39.93908789739276)",116.43298364538421,39.93908789739276,1,70,100
433,北京市东城区东四四条,"(116.42820142617127, 39.93349275959308)",116.42820142617127,39.93349275959308,0,30,100
434,北京市东城区东四块玉北街,"(116.43029286105961, 39.88839430400052)",116.43029286105961,39.88839430400052,0,30,100
435,北京市东城区东四块玉南街,"(116.4300532829801, 39.88276744550199)",116.4300532829801,39.88276744550199,0,30,100
436,北京市东城区东四块玉南街2号院,"(116.43179815160268, 39.88649084660655)",116.43179815160268,39.88649084660655,1,70,100
437,北京市东城区东四块玉南街30号院,"(116.43208003987172, 39.88369802075305)",116.43208003987172,39.88369802075305,1,70,100
438,北京市东城区东四块玉南街4号院,"(116.43243415190375, 39.88602634093712)",116.43243415190375,39.88602634093712,1,70,100
439,北京市东城区东四块玉南街甲9号楼,"(116.43088673083227, 39.88617755476687)",116.43088673083227,39.88617755476687,0,80,99
440,北京市东城区东四西大街,"(116.42057615984983, 39.93051644638096)",116.42057615984983,39.93051644638096,0,30,100
441,北京市东城区东四西大街40号院,"(116.42265304218891, 39.930269405691305)",116.42265304218891,39.930269405691305,1,80,100
442,北京市东城区东四西大街50号院,"(116.41874119118461, 39.930253567945655)",116.41874119118461,39.930253567945655,1,80,100
443,北京市朝阳区东土城路13号院,"(116.43821223260503, 39.95815525846528)",116.43821223260503,39.95815525846528,1,80,100
444,北京市朝阳区东土城路1号院,"(116.43814099697809, 39.964362617355164)",116.43814099697809,39.964362617355164,1,80,100
445,北京市朝阳区东土城路7号院,"(116.43852789716124, 39.961125590037135)",116.43852789716124,39.961125590037135,1,80,100
446,北京市朝阳区东土城路9号院,"(116.43738633051916, 39.95849538727659)",116.43738633051916,39.95849538727659,1,80,100
447,北京市朝阳区东土城路甲3号院,"(116.43854954632403, 39.96366810769297)",116.43854954632403,39.96366810769297,1,80,100
448,北京市东城区东城逸墅,"(116.44642472123834, 39.94482155695651)",116.44642472123834,39.94482155695651,1,70,100
449,北京市东城区东堂子胡同,"(116.4287568484681, 39.92032838457026)",116.4287568484681,39.92032838457026,0,30,100
450,北京市东城区东堂子胡同49号院,"(116.42870268064586, 39.920802201366136)",116.42870268064586,39.920802201366136,1,80,100
451,北京市东城区东堂子胡同57号院,"(116.42746400717813, 39.92067105474144)",116.42746400717813,39.92067105474144,0,50,100
452,北京市东城区东外公馆,"(116.44920093441695, 39.942597243860476)",116.44920093441695,39.942597243860476,1,70,100
453,北京市朝阳区东大桥东里,"(116.45799947756497, 39.92703351847404)",116.45799947756497,39.92703351847404,1,70,100
454,北京市朝阳区东大桥斜街,"(116.45866817618659, 39.93333840061329)",116.45866817618659,39.93333840061329,0,30,100
455,北京市朝阳区东大桥路,"(116.45689177704061, 39.92144209089141)",116.45689177704061,39.92144209089141,0,30,100
456,北京市丰台区东大街,"(116.30026080289598, 39.86234148377935)",116.30026080289598,39.86234148377935,0,30,100
457,北京市丰台区东大街35号院,"(116.29988360441233, 39.86184960580458)",116.29988360441233,39.86184960580458,1,80,100
458,北京市丰台区东大街6号院,"(116.30085898453507, 39.870257080332)",116.30085898453507,39.870257080332,1,80,100
459,北京市丰台区东大街东里,"(116.30230929878094, 39.87119405656067)",116.30230929878094,39.87119405656067,1,75,100
460,北京市丰台区东大街西里,"(116.2987327852235, 39.86786418828989)",116.2987327852235,39.86786418828989,1,70,100
461,北京市丰台区东安街头条,"(116.2864795387452, 39.855903035661406)",116.2864795387452,39.855903035661406,1,70,100
462,北京市丰台区东安街头条1号院,"(116.2887120075986, 39.85575507788662)",116.2887120075986,39.85575507788662,1,80,100
463,北京市丰台区东安街头条甲3号,"(116.28650163706075, 39.85577944905367)",116.28650163706075,39.85577944905367,0,30,57
464,北京市丰台区东局,"(0, 0)",0.0,0.0,0,0,0
465,北京市大兴区东居时代,"(0, 0)",0.0,0.0,0,0,0
466,北京市丰台区东山坡一里,"(116.21805111652263, 39.832424894211876)",116.21805111652263,39.832424894211876,1,70,100
467,北京市丰台区东山坡三里,"(116.21750602473918, 39.82885209269395)",116.21750602473918,39.82885209269395,1,70,100
468,北京市丰台区东山坡二里,"(116.21841636754299, 39.83007049834633)",116.21841636754299,39.83007049834633,1,70,100
469,北京市朝阳区东山墅,"(116.50018004159983, 39.95742010431022)",116.50018004159983,39.95742010431022,1,70,100
470,北京市朝阳区东岸,"(0, 0)",0.0,0.0,0,0,0
471,北京市房山区东平街,"(116.07433750611983, 39.73876654539112)",116.07433750611983,39.73876654539112,0,30,100
472,北京市朝阳区东平里,"(0, 0)",0.0,0.0,0,0,0
473,北京市丰台区东幸福街,"(116.29132796307421, 39.85769359696168)",116.29132796307421,39.85769359696168,0,30,100
474,北京市东城区东总布胡同,"(116.43737591017523, 39.91811772615142)",116.43737591017523,39.91811772615142,0,30,100
475,北京市东城区东总布胡同19号院,"(116.4383759936995, 39.918357478747694)",116.4383759936995,39.918357478747694,1,70,100
476,北京市朝阳区东恒时代一期,"(116.50111445899131, 39.916295066877204)",116.50111445899131,39.916295066877204,1,70,100
477,北京市朝阳区东恒时代三期,"(116.50884940841553, 39.918143043401486)",116.50884940841553,39.918143043401486,1,70,100
478,北京市朝阳区东恒时代二期,"(116.50477038275582, 39.917991001413675)",116.50477038275582,39.917991001413675,1,70,100
479,北京市通州区东惠家园,"(116.59603705477241, 39.7912366228894)",116.59603705477241,39.7912366228894,1,70,100
480,北京市西城区东斜街,"(116.38241156042787, 39.92306582414489)",116.38241156042787,39.92306582414489,0,30,100
481,北京市西城区东新开胡同,"(116.37539256049511, 39.9474636983725)",116.37539256049511,39.9474636983725,0,30,100
482,北京市朝阳区东方东路,"(116.47113027869597, 39.95910726918435)",116.47113027869597,39.95910726918435,0,30,100
483,北京市朝阳区东方城,"(116.44461194071921, 39.98837160459204)",116.44461194071921,39.98837160459204,1,70,100
484,北京市顺义区东方太阳城,"(116.7262122130038, 40.08802816796983)",116.7262122130038,40.08802816796983,1,70,100
485,北京市顺义区东方太阳城桃花源,"(116.72933247719271, 40.099306027004786)",116.72933247719271,40.099306027004786,1,70,100
486,北京市顺义区东方太阳城清波园,"(116.7318798919579, 40.08843077901748)",116.7318798919579,40.08843077901748,1,70,100
487,北京市门头沟区东方小区,"(116.01904796977784, 40.01335304126759)",116.01904796977784,40.01335304126759,1,70,100
488,北京市昌平区东方普罗旺斯一期,"(116.45807870811095, 40.12569395299922)",116.45807870811095,40.12569395299922,1,70,100
489,北京市昌平区东方普罗旺斯二期,"(116.45556902217716, 40.12971605408857)",116.45556902217716,40.12971605408857,1,70,100
490,北京市朝阳区东方梅地亚,"(116.4795145233428, 39.91827758436717)",116.4795145233428,39.91827758436717,1,75,100
491,北京市朝阳区东方瑞景,"(116.44957525832295, 39.91225818915619)",116.44957525832295,39.91225818915619,1,70,100
492,北京市通州区东方生活区,"(116.6713305971939, 39.90705193967137)",116.6713305971939,39.90705193967137,1,70,100
493,北京市昌平区东方蓝海中心,"(116.47743611388437, 40.11949751984223)",116.47743611388437,40.11949751984223,0,50,100
494,北京市东城区东方财富,"(116.44343300456792, 39.89905586375456)",116.44343300456792,39.89905586375456,1,70,100
495,北京市朝阳区东方郁金香,"(116.41983110525986, 40.057146719944264)",116.41983110525986,40.057146719944264,1,70,100
496,北京市东城区东方银座,"(116.4419681377728, 39.94612846594149)",116.4419681377728,39.94612846594149,0,50,100
497,北京市朝阳区东方雅苑,"(116.4817744803448, 39.893046322040114)",116.4817744803448,39.893046322040114,1,70,100
498,北京市海淀区东旭园,"(116.297886401772, 40.048153030091804)",116.297886401772,40.048153030091804,1,70,100
499,北京市东城区东旺胡同,"(116.41682124281813, 39.94339700372225)",116.41682124281813,39.94339700372225,0,30,100
500,北京市东城区东晓市街,"(116.42062197343084, 39.89692194184)",116.42062197343084,39.89692194184,0,30,100
